{"SchemaVersion":"1.1","Settings":[{"SettingLocation":"General","Settings":null,"Properties":[{"Key":"RunAsAdmin","Value":"False","Type":"bool","Options":null}]},{"SettingLocation":"Encootech","Settings":[{"SettingLocation":"AutomationActivity","Settings":[{"SettingLocation":"WebAction","Settings":null,"Properties":[{"Key":"BrowserType","Value":"IE","Type":"enum","Options":["IE","Chrome","FireFox","Web360","Edge"]}]}],"Properties":[{"Key":"DelayBefore","Value":"200","Type":"uint","Options":null},{"Key":"DelayAfter","Value":"200","Type":"uint","Options":null},{"Key":"WaitTimeout","Value":"30000","Type":"uint","Options":null},{"Key":"Timeout","Value":"5000","Type":"uint","Options":null}]}],"Properties":null}]}