{
  "ProjectName": null,
  "Version": null,
  "SchemaVersion": "3.0",
  "ProjectType": "Workflow",
  "Description": null,
  "Author": null,
  "Company": null,
  "License": null,
  "Settings": null,
  "ProjectEntryItem": "Main.xaml",
  "Items": null,
  "TargetFramework": ".NETFramework,Version=v4.6.1",
  "ProjectDependencies": [
    {
      "Id": "BotTime.Office.Activity",
      "AutoUpgrade": false,
      "UpgradeVersionPattern": "1.*.*.*",
      "Type": "ActivityOrCode"
    },
    {
      "Id": "BotTime.ActivityLibrary",
      "AutoUpgrade": false,
      "UpgradeVersionPattern": "1.*.*.*",
      "Type": "ActivityOrCode"
    }
  ],
  "ProjectDependencyItems": [
    {
      "Id": "BotTime.Office.Activity",
      "Version": "1.4.2108.6",
      "Title": "BotTime.Office.Activity",
      "InnerDependencies": [
        {
          "Id": "ActiproSoftware.Controls.WPF.Editors",
          "MaxVersion": null,
          "MinVersion": "20.1.1"
        },
        {
          "Id": "ActiproSoftware.Controls.WPF.Ribbon",
          "MaxVersion": null,
          "MinVersion": "20.1.1"
        },
        {
          "Id": "Microsoft.Office.Interop.Excel",
          "MaxVersion": null,
          "MinVersion": "15.0.4795.1000"
        },
        {
          "Id": "Panuon.UI.Silver",
          "MaxVersion": null,
          "MinVersion": "1.0.8.7"
        },
        {
          "Id": "System.IO.Packaging",
          "MaxVersion": null,
          "MinVersion": "4.0.0"
        }
      ]
    },
    {
      "Id": "ActiproSoftware.Controls.WPF.Editors",
      "Version": "20.1.1",
      "Title": "Actipro Editors (for WPF)",
      "InnerDependencies": [
        {
          "Id": "ActiproSoftware.Controls.WPF.Shared",
          "MaxVersion": "20.1.1",
          "MinVersion": "20.1.1"
        }
      ]
    },
    {
      "Id": "ActiproSoftware.Controls.WPF.Shared",
      "Version": "20.1.1",
      "Title": "Actipro Shared Library (for WPF)",
      "InnerDependencies": []
    },
    {
      "Id": "ActiproSoftware.Controls.WPF.Ribbon",
      "Version": "20.1.1",
      "Title": "Actipro Ribbon (for WPF)",
      "InnerDependencies": [
        {
          "Id": "ActiproSoftware.Controls.WPF.Shared",
          "MaxVersion": "20.1.1",
          "MinVersion": "20.1.1"
        }
      ]
    },
    {
      "Id": "Microsoft.Office.Interop.Excel",
      "Version": "15.0.4795.1000",
      "Title": "Microsoft.Office.Interop.Excel",
      "InnerDependencies": []
    },
    {
      "Id": "Panuon.UI.Silver",
      "Version": "1.0.8.7",
      "Title": "Panuon.UI.Silver",
      "InnerDependencies": []
    },
    {
      "Id": "System.IO.Packaging",
      "Version": "4.0.0",
      "Title": "System.IO.Packaging",
      "InnerDependencies": [
        {
          "Id": "System.IO.FileSystem.Primitives",
          "MaxVersion": null,
          "MinVersion": "4.0.1"
        }
      ]
    },
    {
      "Id": "System.IO.FileSystem.Primitives",
      "Version": "4.0.1",
      "Title": "System.IO.FileSystem.Primitives",
      "InnerDependencies": []
    },
    {
      "Id": "BotTime.ActivityLibrary",
      "Version": "1.3.2108.2",
      "Title": "BotTime.ActivityLibrary",
      "InnerDependencies": [
        {
          "Id": "ActiproSoftware.Controls.WPF.SyntaxEditor.Addons.DotNet",
          "MaxVersion": null,
          "MinVersion": "20.1.1"
        },
        {
          "Id": "CredentialManagement",
          "MaxVersion": null,
          "MinVersion": "1.0.2"
        },
        {
          "Id": "DotNetZip",
          "MaxVersion": null,
          "MinVersion": "1.14.0"
        },
        {
          "Id": "HtmlAgilityPack",
          "MaxVersion": null,
          "MinVersion": "1.8.11"
        },
        {
          "Id": "Microsoft.CodeAnalysis.CSharp",
          "MaxVersion": null,
          "MinVersion": "3.4.0"
        },
        {
          "Id": "Microsoft.CodeAnalysis.VisualBasic",
          "MaxVersion": null,
          "MinVersion": "3.4.0"
        },
        {
          "Id": "Microsoft.CodeAnalysis.Workspaces.Common",
          "MaxVersion": null,
          "MinVersion": "3.4.0"
        },
        {
          "Id": "Newtonsoft.Json",
          "MaxVersion": null,
          "MinVersion": "12.0.3"
        },
        {
          "Id": "Panuon.UI.Silver",
          "MaxVersion": null,
          "MinVersion": "1.0.8.7"
        },
        {
          "Id": "SharpCompress",
          "MaxVersion": null,
          "MinVersion": "0.24.0"
        },
        {
          "Id": "System.Buffers",
          "MaxVersion": null,
          "MinVersion": "4.5.1"
        },
        {
          "Id": "System.Numerics.Vectors",
          "MaxVersion": null,
          "MinVersion": "4.5.0"
        },
        {
          "Id": "System.Runtime.CompilerServices.Unsafe",
          "MaxVersion": null,
          "MinVersion": "4.7.1"
        },
        {
          "Id": "System.Text.Encoding.CodePages",
          "MaxVersion": null,
          "MinVersion": "4.5.1"
        }
      ]
    },
    {
      "Id": "ActiproSoftware.Controls.WPF.SyntaxEditor.Addons.DotNet",
      "Version": "20.1.1",
      "Title": "Actipro SyntaxEditor .NET Languages Add-on (for WPF)",
      "InnerDependencies": [
        {
          "Id": "ActiproSoftware.Controls.WPF.Shared",
          "MaxVersion": "20.1.1",
          "MinVersion": "20.1.1"
        },
        {
          "Id": "ActiproSoftware.Controls.WPF.SyntaxEditor",
          "MaxVersion": "20.1.1",
          "MinVersion": "20.1.1"
        }
      ]
    },
    {
      "Id": "ActiproSoftware.Controls.WPF.SyntaxEditor",
      "Version": "20.1.1",
      "Title": "Actipro SyntaxEditor (for WPF)",
      "InnerDependencies": [
        {
          "Id": "ActiproSoftware.Controls.WPF.Shared",
          "MaxVersion": "20.1.1",
          "MinVersion": "20.1.1"
        }
      ]
    },
    {
      "Id": "CredentialManagement",
      "Version": "1.0.2",
      "Title": "CredentialManagement",
      "InnerDependencies": []
    },
    {
      "Id": "DotNetZip",
      "Version": "1.14.0",
      "Title": "DotNetZip",
      "InnerDependencies": []
    },
    {
      "Id": "HtmlAgilityPack",
      "Version": "1.8.11",
      "Title": "HtmlAgilityPack",
      "InnerDependencies": []
    },
    {
      "Id": "Microsoft.CodeAnalysis.CSharp",
      "Version": "3.4.0",
      "Title": "Microsoft.CodeAnalysis.CSharp",
      "InnerDependencies": [
        {
          "Id": "Microsoft.CodeAnalysis.Common",
          "MaxVersion": "3.4.0",
          "MinVersion": "3.4.0"
        }
      ]
    },
    {
      "Id": "Microsoft.CodeAnalysis.Common",
      "Version": "3.4.0",
      "Title": "Microsoft.CodeAnalysis.Common",
      "InnerDependencies": [
        {
          "Id": "Microsoft.CodeAnalysis.Analyzers",
          "MaxVersion": null,
          "MinVersion": "2.9.6"
        },
        {
          "Id": "System.Collections.Immutable",
          "MaxVersion": null,
          "MinVersion": "1.5.0"
        },
        {
          "Id": "System.Memory",
          "MaxVersion": null,
          "MinVersion": "4.5.3"
        },
        {
          "Id": "System.Reflection.Metadata",
          "MaxVersion": null,
          "MinVersion": "1.6.0"
        },
        {
          "Id": "System.Runtime.CompilerServices.Unsafe",
          "MaxVersion": null,
          "MinVersion": "4.5.2"
        },
        {
          "Id": "System.Text.Encoding.CodePages",
          "MaxVersion": null,
          "MinVersion": "4.5.1"
        },
        {
          "Id": "System.Threading.Tasks.Extensions",
          "MaxVersion": null,
          "MinVersion": "4.5.3"
        }
      ]
    },
    {
      "Id": "Microsoft.CodeAnalysis.Analyzers",
      "Version": "2.9.6",
      "Title": "Microsoft.CodeAnalysis.Analyzers",
      "InnerDependencies": []
    },
    {
      "Id": "System.Collections.Immutable",
      "Version": "1.5.0",
      "Title": "System.Collections.Immutable",
      "InnerDependencies": []
    },
    {
      "Id": "System.Memory",
      "Version": "4.5.3",
      "Title": "System.Memory",
      "InnerDependencies": [
        {
          "Id": "System.Buffers",
          "MaxVersion": null,
          "MinVersion": "4.4.0"
        },
        {
          "Id": "System.Numerics.Vectors",
          "MaxVersion": null,
          "MinVersion": "4.4.0"
        },
        {
          "Id": "System.Runtime.CompilerServices.Unsafe",
          "MaxVersion": null,
          "MinVersion": "4.5.2"
        }
      ]
    },
    {
      "Id": "System.Buffers",
      "Version": "4.5.1",
      "Title": "System.Buffers",
      "InnerDependencies": []
    },
    {
      "Id": "System.Numerics.Vectors",
      "Version": "4.5.0",
      "Title": "System.Numerics.Vectors",
      "InnerDependencies": []
    },
    {
      "Id": "System.Runtime.CompilerServices.Unsafe",
      "Version": "4.7.1",
      "Title": "System.Runtime.CompilerServices.Unsafe",
      "InnerDependencies": []
    },
    {
      "Id": "System.Reflection.Metadata",
      "Version": "1.6.0",
      "Title": "System.Reflection.Metadata",
      "InnerDependencies": [
        {
          "Id": "System.Collections.Immutable",
          "MaxVersion": null,
          "MinVersion": "1.5.0"
        }
      ]
    },
    {
      "Id": "System.Text.Encoding.CodePages",
      "Version": "4.5.1",
      "Title": "System.Text.Encoding.CodePages",
      "InnerDependencies": [
        {
          "Id": "System.Runtime.CompilerServices.Unsafe",
          "MaxVersion": null,
          "MinVersion": "4.5.2"
        }
      ]
    },
    {
      "Id": "System.Threading.Tasks.Extensions",
      "Version": "4.5.3",
      "Title": "System.Threading.Tasks.Extensions",
      "InnerDependencies": [
        {
          "Id": "System.Runtime.CompilerServices.Unsafe",
          "MaxVersion": null,
          "MinVersion": "4.5.2"
        }
      ]
    },
    {
      "Id": "Microsoft.CodeAnalysis.VisualBasic",
      "Version": "3.4.0",
      "Title": "Microsoft.CodeAnalysis.VisualBasic",
      "InnerDependencies": [
        {
          "Id": "Microsoft.CodeAnalysis.Common",
          "MaxVersion": "3.4.0",
          "MinVersion": "3.4.0"
        }
      ]
    },
    {
      "Id": "Microsoft.CodeAnalysis.Workspaces.Common",
      "Version": "3.4.0",
      "Title": "Microsoft.CodeAnalysis.Workspaces.Common",
      "InnerDependencies": [
        {
          "Id": "Microsoft.CodeAnalysis.Common",
          "MaxVersion": "3.4.0",
          "MinVersion": "3.4.0"
        },
        {
          "Id": "System.Composition",
          "MaxVersion": null,
          "MinVersion": "1.0.31"
        }
      ]
    },
    {
      "Id": "System.Composition",
      "Version": "1.0.31",
      "Title": "System.Composition",
      "InnerDependencies": [
        {
          "Id": "System.Composition.AttributedModel",
          "MaxVersion": null,
          "MinVersion": "1.0.31"
        },
        {
          "Id": "System.Composition.Convention",
          "MaxVersion": null,
          "MinVersion": "1.0.31"
        },
        {
          "Id": "System.Composition.Hosting",
          "MaxVersion": null,
          "MinVersion": "1.0.31"
        },
        {
          "Id": "System.Composition.Runtime",
          "MaxVersion": null,
          "MinVersion": "1.0.31"
        },
        {
          "Id": "System.Composition.TypedParts",
          "MaxVersion": null,
          "MinVersion": "1.0.31"
        }
      ]
    },
    {
      "Id": "System.Composition.AttributedModel",
      "Version": "1.0.31",
      "Title": "System.Composition.AttributedModel",
      "InnerDependencies": []
    },
    {
      "Id": "System.Composition.Convention",
      "Version": "1.0.31",
      "Title": "System.Composition.Convention",
      "InnerDependencies": [
        {
          "Id": "System.Composition.AttributedModel",
          "MaxVersion": null,
          "MinVersion": "1.0.31"
        }
      ]
    },
    {
      "Id": "System.Composition.Hosting",
      "Version": "1.0.31",
      "Title": "System.Composition.Hosting",
      "InnerDependencies": [
        {
          "Id": "System.Composition.Runtime",
          "MaxVersion": null,
          "MinVersion": "1.0.31"
        }
      ]
    },
    {
      "Id": "System.Composition.Runtime",
      "Version": "1.0.31",
      "Title": "System.Composition.Runtime",
      "InnerDependencies": []
    },
    {
      "Id": "System.Composition.TypedParts",
      "Version": "1.0.31",
      "Title": "System.Composition.TypedParts",
      "InnerDependencies": [
        {
          "Id": "System.Composition.AttributedModel",
          "MaxVersion": null,
          "MinVersion": "1.0.31"
        },
        {
          "Id": "System.Composition.Hosting",
          "MaxVersion": null,
          "MinVersion": "1.0.31"
        },
        {
          "Id": "System.Composition.Runtime",
          "MaxVersion": null,
          "MinVersion": "1.0.31"
        }
      ]
    },
    {
      "Id": "Newtonsoft.Json",
      "Version": "12.0.3",
      "Title": "Json.NET",
      "InnerDependencies": []
    },
    {
      "Id": "SharpCompress",
      "Version": "0.24.0",
      "Title": "SharpCompress",
      "InnerDependencies": []
    }
  ],
  "LastModifyTime": "0001-01-01T00:00:00",
  "ProjectReferences": [],
  "TerminationHandler": null,
  "ExceptionHandler": null
}